<?xml version="1.0" encoding="UTF-8" standalone="no"?>
<edmx:Edmx xmlns:edmx="http://schemas.microsoft.com/ado/2007/06/edmx" xmlns:sap="http://www.sap.com/Protocols/SAPData" Version="1.0">
    <edmx:DataServices xmlns:m="http://schemas.microsoft.com/ado/2007/08/dataservices/metadata" m:DataServiceVersion="1.0">
        <Schema xmlns="http://schemas.microsoft.com/ado/2008/09/edm" Namespace="ESPM">
            <EntityType Name="Customer">
                <Key>
                    <PropertyRef Name="CustomerId"/>
                </Key>
                <Property MaxLength="40" Name="City" Nullable="true" Type="Edm.String"/>
                <Property MaxLength="3" Name="Country" Nullable="true" Type="Edm.String"/>
                <Property MaxLength="36" Name="CustomerId" Nullable="false" Type="Edm.String"/>
                <Property Name="DateOfBirth" Nullable="false" Type="Edm.DateTime"/>
                <Property MaxLength="255" Name="EmailAddress" Nullable="true" Type="Edm.String"/>
                <Property MaxLength="40" Name="FirstName" Nullable="true" Type="Edm.String"/>
                <Property MaxLength="10" Name="HouseNumber" Nullable="true" Type="Edm.String"/>
                <Property MaxLength="40" Name="LastName" Nullable="true" Type="Edm.String"/>
                <Property MaxLength="30" Name="PhoneNumber" Nullable="true" Type="Edm.String"/>
                <Property MaxLength="10" Name="PostalCode" Nullable="true" Type="Edm.String"/>
                <Property MaxLength="60" Name="Street" Nullable="true" Type="Edm.String"/>
                <Property Name="Address" Nullable="true" Type="ESPM.Address"/>
                <Property Name="UpdatedTimestamp" Type="Edm.DateTime"/>
                <NavigationProperty FromRole="Customer" Name="SalesOrders" Relationship="ESPM.Customer_to_SalesOrderHeaders" ToRole="SalesOrderHeader"/>
            </EntityType>
            <ComplexType Name="Address">
                <Property Name="HouseNumber" Nullable="true" Type="Edm.String"/>
                <Property Name="Street" Nullable="true" Type="Edm.String"/>
                <Property Name="City" Nullable="true" Type="Edm.String"/>
                <Property Name="Country" Nullable="true" Type="Edm.String"/>
                <Property Name="PostalCode" Nullable="true" Type="Edm.String"/>
            </ComplexType>
            <EntityType Name="Supplier">
                <Key>
                    <PropertyRef Name="SupplierId"/>
                </Key>
                <Property MaxLength="40" Name="City" Nullable="true" Type="Edm.String"/>
                <Property MaxLength="3" Name="Country" Nullable="true" Type="Edm.String"/>
                <Property MaxLength="255" Name="EmailAddress" Nullable="true" Type="Edm.String"/>
                <Property MaxLength="10" Name="HouseNumber" Nullable="true" Type="Edm.String"/>
                <Property MaxLength="30" Name="PhoneNumber" Nullable="true" Type="Edm.String"/>
                <Property MaxLength="10" Name="PostalCode" Nullable="true" Type="Edm.String"/>
                <Property MaxLength="60" Name="Street" Nullable="true" Type="Edm.String"/>
                <Property MaxLength="36" Name="SupplierId" Nullable="false" Type="Edm.String"/>
                <Property MaxLength="80" Name="SupplierName" Nullable="true" Type="Edm.String"/>
                <Property Name="Address" Nullable="true" Type="ESPM.Address"/>
                <Property Name="UpdatedTimestamp" Type="Edm.DateTime"/>
                <NavigationProperty FromRole="Supplier" Name="Products" Relationship="ESPM.Supplier_to_Products" ToRole="Product"/>
                <NavigationProperty FromRole="Supplier" Name="PurchaseOrders" Relationship="ESPM.Supplier_to_PurchaseOrderHeaders" ToRole="PurchaseOrderHeader"/>
            </EntityType>
            <EntityType Name="Product" m:HasStream="true">
                <Key>
                    <PropertyRef Name="ProductId"/>
                </Key>
                <Property MaxLength="40" Name="Category" Nullable="true" Type="Edm.String"/>
                <Property MaxLength="40" Name="CategoryName" Nullable="true" Type="Edm.String"/>
                <Property MaxLength="5" Name="CurrencyCode" Nullable="true" Type="Edm.String"/>
                <Property Name="DimensionDepth" Nullable="true" Precision="13" Scale="4" Type="Edm.Decimal"/>
                <Property Name="DimensionHeight" Nullable="true" Precision="13" Scale="4" Type="Edm.Decimal"/>
                <Property MaxLength="3" Name="DimensionUnit" Nullable="true" Type="Edm.String"/>
                <Property Name="DimensionWidth" Nullable="true" Precision="13" Scale="4" Type="Edm.Decimal"/>
                <Property MaxLength="255" Name="LongDescription" Nullable="true" Type="Edm.String"/>
                <Property Name="Name" Type="Edm.String"/>
                <Property MaxLength="255" Name="PictureUrl" Nullable="true" Type="Edm.String"/>
                <Property Name="Price" Nullable="true" Precision="23" Scale="3" Type="Edm.Decimal"/>
                <Property MaxLength="36" Name="ProductId" Nullable="false" Type="Edm.String"/>
                <Property MaxLength="3" Name="QuantityUnit" Nullable="true" Type="Edm.String"/>
                <Property MaxLength="255" Name="ShortDescription" Nullable="true" Type="Edm.String"/>
                <Property MaxLength="36" Name="SupplierId" Nullable="false" Type="Edm.String"/>
                <Property Name="UpdatedTimestamp" Type="Edm.DateTime"/>
                <Property Name="Weight" Nullable="true" Precision="13" Scale="3" Type="Edm.Decimal"/>
                <Property MaxLength="3" Name="WeightUnit" Nullable="true" Type="Edm.String"/>
                <NavigationProperty FromRole="Product" Name="StockDetails" Relationship="ESPM.Product_to_Stock" ToRole="Stock"/>
                <NavigationProperty FromRole="Product" Name="SupplierDetails" Relationship="ESPM.Supplier_to_Products" ToRole="Supplier"/>
            </EntityType>
            <EntityType Name="ProductCategory">
                <Key>
                    <PropertyRef Name="Category"/>
                </Key>
                <Property MaxLength="40" Name="Category" Nullable="false" Type="Edm.String"/>
                <Property MaxLength="40" Name="CategoryName" Nullable="true" Type="Edm.String"/>
                <Property MaxLength="40" Name="MainCategory" Nullable="true" Type="Edm.String"/>
                <Property MaxLength="40" Name="MainCategoryName" Nullable="true" Type="Edm.String"/>
                <Property Name="NumberOfProducts" Nullable="true" Type="Edm.Int64"/>
                <Property Name="UpdatedTimestamp" Type="Edm.DateTime"/>
            </EntityType>
            <EntityType Name="ProductText">
                <Key>
                    <PropertyRef Name="Id"/>
                </Key>
                <Property Name="Id" Nullable="false" Type="Edm.Int64"/>
                <Property MaxLength="2" Name="Language" Nullable="true" Type="Edm.String"/>
                <Property MaxLength="255" Name="LongDescription" Nullable="true" Type="Edm.String"/>
                <Property Name="Name" Type="Edm.String"/>
                <Property MaxLength="36" Name="ProductId" Nullable="false" Type="Edm.String"/>
                <Property MaxLength="255" Name="ShortDescription" Nullable="true" Type="Edm.String"/>
            </EntityType>
            <EntityType Name="Stock">
                <Key>
                    <PropertyRef Name="ProductId"/>
                </Key>
                <Property Name="LotSize" Nullable="true" Precision="13" Scale="3" Type="Edm.Decimal"/>
                <Property Name="MinStock" Nullable="true" Precision="13" Scale="3" Type="Edm.Decimal"/>
                <Property MaxLength="255" Name="ProductId" Nullable="false" Type="Edm.String"/>
                <Property Name="Quantity" Nullable="true" Precision="13" Scale="3" Type="Edm.Decimal"/>
                <Property Name="QuantityLessMin" Nullable="false" Type="Edm.Boolean"/>
                <Property Name="UpdatedTimestamp" Type="Edm.DateTime"/>
                <NavigationProperty FromRole="Stock" Name="ProductDetails" Relationship="ESPM.Product_to_Stock" ToRole="Product"/>
            </EntityType>
            <EntityType Name="PurchaseOrderHeader">
                <Key>
                    <PropertyRef Name="PurchaseOrderId"/>
                </Key>
                <Property MaxLength="5" Name="CurrencyCode" Nullable="true" Type="Edm.String"/>
                <Property Name="GrossAmount" Nullable="true" Precision="15" Scale="3" Type="Edm.Decimal"/>
                <Property Name="NetAmount" Nullable="true" Precision="15" Scale="3" Type="Edm.Decimal"/>
                <Property MaxLength="36" Name="PurchaseOrderId" Nullable="false" Type="Edm.String"/>
                <Property MaxLength="36" Name="SupplierId" Nullable="false" Type="Edm.String"/>
                <Property Name="TaxAmount" Nullable="true" Precision="15" Scale="3" Type="Edm.Decimal"/>
                <NavigationProperty FromRole="PurchaseOrderHeader" Name="Items" Relationship="ESPM.PurchaseOrderHeader_to_PurchaseOrderItems" ToRole="PurchaseOrderItem"/>
                <NavigationProperty FromRole="PurchaseOrderHeader" Name="SupplierDetails" Relationship="ESPM.Supplier_to_PurchaseOrderHeaders" ToRole="Supplier"/>
            </EntityType>
            <EntityType Name="PurchaseOrderItem">
                <Key>
                    <PropertyRef Name="ItemNumber"/>
                    <PropertyRef Name="PurchaseOrderId"/>
                </Key>
                <Property MaxLength="5" Name="CurrencyCode" Nullable="true" Type="Edm.String"/>
                <Property Name="GrossAmount" Nullable="true" Precision="15" Scale="3" Type="Edm.Decimal"/>
                <Property Name="ItemNumber" Nullable="false" Type="Edm.Int32"/>
                <Property Name="NetAmount" Nullable="true" Precision="15" Scale="3" Type="Edm.Decimal"/>
                <Property MaxLength="36" Name="ProductId" Nullable="false" Type="Edm.String"/>
                <Property MaxLength="36" Name="PurchaseOrderId" Nullable="false" Type="Edm.String"/>
                <Property Name="Quantity" Nullable="true" Precision="13" Scale="3" Type="Edm.Decimal"/>
                <Property MaxLength="3" Name="QuantityUnit" Nullable="true" Type="Edm.String"/>
                <Property Name="TaxAmount" Nullable="true" Precision="15" Scale="3" Type="Edm.Decimal"/>
                <NavigationProperty FromRole="PurchaseOrderItem" Name="Header" Relationship="ESPM.PurchaseOrderHeader_to_PurchaseOrderItems" ToRole="PurchaseOrderHeader"/>
                <NavigationProperty FromRole="PurchaseOrderItem" Name="ProductDetails" Relationship="ESPM.Product_to_PurchaseOrderItems" ToRole="Product"/>
            </EntityType>
            <EntityType Name="SalesOrderHeader">
                <Key>
                    <PropertyRef Name="SalesOrderId"/>
                </Key>
                <Property Name="CreatedAt" Nullable="true" Type="Edm.DateTime"/>
                <Property MaxLength="5" Name="CurrencyCode" Nullable="true" Type="Edm.String"/>
                <Property MaxLength="36" Name="CustomerId" Nullable="false" Type="Edm.String"/>
                <Property Name="GrossAmount" Nullable="true" Precision="15" Scale="3" Type="Edm.Decimal"/>
                <Property MaxLength="1" Name="LifeCycleStatus" Nullable="false" Type="Edm.String"/>
                <Property MaxLength="255" Name="LifeCycleStatusName" Nullable="false" Type="Edm.String"/>
                <Property Name="NetAmount" Nullable="true" Precision="15" Scale="3" Type="Edm.Decimal"/>
                <Property MaxLength="36" Name="SalesOrderId" Nullable="false" Type="Edm.String"/>
                <Property Name="TaxAmount" Nullable="true" Precision="15" Scale="3" Type="Edm.Decimal"/>
                <NavigationProperty FromRole="SalesOrderHeader" Name="Items" Relationship="ESPM.SalesOrderHeader_to_SalesOrderItems" ToRole="SalesOrderItem"/>
                <NavigationProperty FromRole="SalesOrderHeader" Name="CustomerDetails" Relationship="ESPM.Customer_to_SalesOrderHeaders" ToRole="Customer"/>
            </EntityType>
            <EntityType Name="SalesOrderItem">
                <Key>
                    <PropertyRef Name="ItemNumber"/>
                    <PropertyRef Name="SalesOrderId"/>
                </Key>
                <Property MaxLength="5" Name="CurrencyCode" Nullable="true" Type="Edm.String"/>
                <Property Name="DeliveryDate" Nullable="true" Type="Edm.DateTime"/>
                <Property Name="GrossAmount" Nullable="true" Precision="15" Scale="3" Type="Edm.Decimal"/>
                <Property Name="ItemNumber" Nullable="false" Type="Edm.Int32"/>
                <Property Name="NetAmount" Nullable="true" Precision="15" Scale="3" Type="Edm.Decimal"/>
                <Property MaxLength="36" Name="ProductId" Nullable="false" Type="Edm.String"/>
                <Property Name="Quantity" Nullable="true" Precision="13" Scale="3" Type="Edm.Decimal"/>
                <Property MaxLength="3" Name="QuantityUnit" Nullable="true" Type="Edm.String"/>
                <Property MaxLength="36" Name="SalesOrderId" Nullable="false" Type="Edm.String"/>
                <Property Name="TaxAmount" Nullable="true" Precision="15" Scale="3" Type="Edm.Decimal"/>
                <NavigationProperty FromRole="SalesOrderItem" Name="Header" Relationship="ESPM.SalesOrderHeader_to_SalesOrderItems" ToRole="SalesOrderHeader"/>
                <NavigationProperty FromRole="SalesOrderItem" Name="ProductDetails" Relationship="ESPM.Product_to_SalesOrderItems" ToRole="Product"/>
            </EntityType>
            <Association Name="Customer_to_SalesOrderHeaders">
                <End Multiplicity="1" Role="Customer" Type="ESPM.Customer">
                    <OnDelete Action="None"/>
                </End>
                <End Multiplicity="*" Role="SalesOrderHeader" Type="ESPM.SalesOrderHeader"/>
                <ReferentialConstraint>
                    <Principal Role="Customer">
                        <PropertyRef Name="CustomerId"/>
                    </Principal>
                    <Dependent Role="SalesOrderHeader">
                        <PropertyRef Name="CustomerId"/>
                    </Dependent>
                </ReferentialConstraint>
            </Association>
            <Association Name="Supplier_to_PurchaseOrderHeaders">
                <End Multiplicity="1" Role="Supplier" Type="ESPM.Supplier">
                    <OnDelete Action="None"/>
                </End>
                <End Multiplicity="*" Role="PurchaseOrderHeader" Type="ESPM.PurchaseOrderHeader"/>
                <ReferentialConstraint>
                    <Principal Role="Supplier">
                        <PropertyRef Name="SupplierId"/>
                    </Principal>
                    <Dependent Role="PurchaseOrderHeader">
                        <PropertyRef Name="SupplierId"/>
                    </Dependent>
                </ReferentialConstraint>
            </Association>
            <Association Name="Supplier_to_Products">
                <End Multiplicity="1" Role="Supplier" Type="ESPM.Supplier">
                    <OnDelete Action="None"/>
                </End>
                <End Multiplicity="*" Role="Product" Type="ESPM.Product"/>
                <ReferentialConstraint>
                    <Principal Role="Supplier">
                        <PropertyRef Name="SupplierId"/>
                    </Principal>
                    <Dependent Role="Product">
                        <PropertyRef Name="SupplierId"/>
                    </Dependent>
                </ReferentialConstraint>
            </Association>
            <Association Name="Product_to_PurchaseOrderItems">
                <End Multiplicity="1" Role="Product" Type="ESPM.Product">
                    <OnDelete Action="None"/>
                </End>
                <End Multiplicity="*" Role="PurchaseOrderItem" Type="ESPM.PurchaseOrderItem"/>
                <ReferentialConstraint>
                    <Principal Role="Product">
                        <PropertyRef Name="ProductId"/>
                    </Principal>
                    <Dependent Role="PurchaseOrderItem">
                        <PropertyRef Name="ProductId"/>
                    </Dependent>
                </ReferentialConstraint>
            </Association>
            <Association Name="Product_to_SalesOrderItems">
                <End Multiplicity="1" Role="Product" Type="ESPM.Product">
                    <OnDelete Action="None"/>
                </End>
                <End Multiplicity="*" Role="SalesOrderItem" Type="ESPM.SalesOrderItem"/>
                <ReferentialConstraint>
                    <Principal Role="Product">
                        <PropertyRef Name="ProductId"/>
                    </Principal>
                    <Dependent Role="SalesOrderItem">
                        <PropertyRef Name="ProductId"/>
                    </Dependent>
                </ReferentialConstraint>
            </Association>
            <Association Name="Product_to_Stock">
                <End Multiplicity="1" Role="Product" Type="ESPM.Product">
                    <OnDelete Action="Cascade"/>
                </End>
                <End Multiplicity="1" Role="Stock" Type="ESPM.Stock"/>
                <ReferentialConstraint>
                    <Principal Role="Product">
                        <PropertyRef Name="ProductId"/>
                    </Principal>
                    <Dependent Role="Stock">
                        <PropertyRef Name="ProductId"/>
                    </Dependent>
                </ReferentialConstraint>
            </Association>
            <Association Name="PurchaseOrderHeader_to_PurchaseOrderItems">
                <End Multiplicity="1" Role="PurchaseOrderHeader" Type="ESPM.PurchaseOrderHeader">
                    <OnDelete Action="Cascade"/>
                </End>
                <End Multiplicity="*" Role="PurchaseOrderItem" Type="ESPM.PurchaseOrderItem"/>
                <ReferentialConstraint>
                    <Principal Role="PurchaseOrderHeader">
                        <PropertyRef Name="PurchaseOrderId"/>
                    </Principal>
                    <Dependent Role="PurchaseOrderItem">
                        <PropertyRef Name="PurchaseOrderId"/>
                    </Dependent>
                </ReferentialConstraint>
            </Association>
            <Association Name="SalesOrderHeader_to_SalesOrderItems">
                <End Multiplicity="1" Role="SalesOrderHeader" Type="ESPM.SalesOrderHeader">
                    <OnDelete Action="Cascade"/>
                </End>
                <End Multiplicity="*" Role="SalesOrderItem" Type="ESPM.SalesOrderItem"/>
                <ReferentialConstraint>
                    <Principal Role="SalesOrderHeader">
                        <PropertyRef Name="SalesOrderId"/>
                    </Principal>
                    <Dependent Role="SalesOrderItem">
                        <PropertyRef Name="SalesOrderId"/>
                    </Dependent>
                </ReferentialConstraint>
            </Association>
            <EntityContainer Name="ESPMContainer" m:IsDefaultEntityContainer="true">
                <EntitySet EntityType="ESPM.Customer" Name="Customers" sap:searchable="false"/>
                <EntitySet EntityType="ESPM.Supplier" Name="Suppliers" sap:searchable="false"/>
                <EntitySet EntityType="ESPM.Product" Name="Products" sap:creatable="false" sap:searchable="false"/>
                <EntitySet EntityType="ESPM.ProductCategory" Name="ProductCategories" sap:searchable="false"/>
                <EntitySet EntityType="ESPM.ProductText" Name="ProductTexts" sap:searchable="false"/>
                <EntitySet EntityType="ESPM.Stock" Name="Stock" sap:searchable="false"/>
                <EntitySet EntityType="ESPM.PurchaseOrderHeader" Name="PurchaseOrderHeaders" sap:searchable="false"/>
                <EntitySet EntityType="ESPM.PurchaseOrderItem" Name="PurchaseOrderItems" sap:searchable="false"/>
                <EntitySet EntityType="ESPM.SalesOrderHeader" Name="SalesOrderHeaders" sap:searchable="false"/>
                <EntitySet EntityType="ESPM.SalesOrderItem" Name="SalesOrderItems" sap:searchable="false"/>
                <AssociationSet Association="ESPM.Customer_to_SalesOrderHeaders" Name="Customer_to_SalesOrderHeaders" sap:searchable="false">
                    <End EntitySet="Customers" Role="Customer"/>
                    <End EntitySet="SalesOrderHeaders" Role="SalesOrderHeader"/>
                </AssociationSet>
                <AssociationSet Association="ESPM.Supplier_to_PurchaseOrderHeaders" Name="Supplier_to_PurchaseOrderHeaders" sap:searchable="false">
                    <End EntitySet="Suppliers" Role="Supplier"/>
                    <End EntitySet="PurchaseOrderHeaders" Role="PurchaseOrderHeader"/>
                </AssociationSet>
                <AssociationSet Association="ESPM.Supplier_to_Products" Name="Supplier_to_Products" sap:searchable="false">
                    <End EntitySet="Suppliers" Role="Supplier"/>
                    <End EntitySet="Products" Role="Product"/>
                </AssociationSet>
                <AssociationSet Association="ESPM.Product_to_PurchaseOrderItems" Name="Product_to_PurchaseOrderItems" sap:searchable="false">
                    <End EntitySet="Products" Role="Product"/>
                    <End EntitySet="PurchaseOrderItems" Role="PurchaseOrderItem"/>
                </AssociationSet>
                <AssociationSet Association="ESPM.Product_to_SalesOrderItems" Name="Product_to_SalesOrderItems" sap:searchable="false">
                    <End EntitySet="SalesOrderItems" Role="SalesOrderItem"/>
                    <End EntitySet="Products" Role="Product"/>
                </AssociationSet>
                <AssociationSet Association="ESPM.Product_to_Stock" Name="Product_to_Stock" sap:searchable="false">
                    <End EntitySet="Products" Role="Product"/>
                    <End EntitySet="Stock" Role="Stock"/>
                </AssociationSet>
                <AssociationSet Association="ESPM.PurchaseOrderHeader_to_PurchaseOrderItems" Name="PurchaseOrderHeader_to_PurchaseOrderItems" sap:searchable="false">
                    <End EntitySet="PurchaseOrderItems" Role="PurchaseOrderItem"/>
                    <End EntitySet="PurchaseOrderHeaders" Role="PurchaseOrderHeader"/>
                </AssociationSet>
                <AssociationSet Association="ESPM.SalesOrderHeader_to_SalesOrderItems" Name="SalesOrderHeader_to_SalesOrderItems" sap:searchable="false">
                    <End EntitySet="SalesOrderItems" Role="SalesOrderItem"/>
                    <End EntitySet="SalesOrderHeaders" Role="SalesOrderHeader"/>
                </AssociationSet>
                <FunctionImport Name="GenerateSamplePurchaseOrders" ReturnType="Edm.Boolean" m:HttpMethod="POST"/>
                <FunctionImport Name="GenerateSampleSalesOrders" ReturnType="Edm.Boolean" m:HttpMethod="POST"/>
                <FunctionImport Name="ResetSampleData" ReturnType="Edm.Boolean" m:HttpMethod="POST"/>
                <FunctionImport Name="UpdateSalesOrderStatus" ReturnType="Edm.Boolean" m:HttpMethod="POST">
                    <Parameter Name="id" Nullable="false" Type="Edm.String"/>
                    <Parameter Name="newStatus" Nullable="false" Type="Edm.String"/>
                </FunctionImport>
            </EntityContainer>
            <Annotations Target="ESPM.Product" xmlns="http://docs.oasis-open.org/odata/ns/edm">
                <Annotation Term="Capabilities.DeleteRestrictions">
                    <Record Type="Capabilities.DeleteRestrictionsType">
                        <PropertyValue Bool="false" Property="Deletable"/>
                    </Record>
                </Annotation>
                <Annotation Term="Capabilities.InsertRestrictions">
                    <Record Type="Capabilities.InsertRestrictionsType">
                        <PropertyValue Bool="false" Property="Insertable"/>
                    </Record>
                </Annotation>
                <Annotation Term="Capabilities.UpdateRestrictions">
                    <Record Type="Capabilities.UpdateRestrictionsType">
                        <PropertyValue Bool="false" Property="Updatable"/>
                    </Record>
                </Annotation>
                <Annotation Term="UI.SelectionFields">
                    <Collection>
                        <PropertyPath>
                            ProductId
                        </PropertyPath>
                        <PropertyPath>
                            Name
                        </PropertyPath>
                        <PropertyPath>
                            Category
                        </PropertyPath>
                    </Collection>
                </Annotation>
                <Annotation Term="UI.Facets">
                    <Collection>
                        <Record Type="UI.ReferenceFacet">
                            <PropertyValue AnnotationPath="@UI.Identification" Property="Target"/>
                        </Record>
                    </Collection>
                </Annotation>
                <Annotation Term="UI.Identification">
                    <Collection>
                        <Record Type="UI.DataField">
                            <PropertyValue Path="Name" Property="Value"/>
                            <PropertyValue Property="Label" String="{@i18n&gt;PRODUCT_NAME}"/>
                        </Record>
                        <Record Type="UI.DataField">
                            <PropertyValue Path="Category" Property="Value"/>
                            <PropertyValue Property="Label" String="{@i18n&gt;PRODUCT_CATEGORY}"/>
                        </Record>
                        <Record Type="UI.DataField">
                            <PropertyValue Path="ShortDescription" Property="Value"/>
                            <PropertyValue Property="Label" String="{@i18n&gt;PRODUCT_SHORT_DESCRIPTION}"/>
                        </Record>
                        <Record Type="UI.DataField">
                            <PropertyValue Path="LongDescription" Property="Value"/>
                            <PropertyValue Property="Label" String="{@i18n&gt;PRODUCT_LONG_DESCRIPTION}"/>
                            <Annotation EnumMember="UI.ImportanceType/Low" Term="UI.Importance"/>
                        </Record>
                        <Record Type="UI.DataField">
                            <PropertyValue Path="Price" Property="Value"/>
                            <PropertyValue Property="Label" String="{@i18n&gt;PRODUCT_PRICE}"/>
                        </Record>
                    </Collection>
                </Annotation>
                <Annotation Term="UI.HeaderFacets">
                    <Collection>
                        <Record Type="UI.ReferenceFacet">
                            <PropertyValue AnnotationPath="@UI.FieldGroup" Property="Target"/>
                        </Record>
                        <Record Type="UI.ReferenceFacet">
                            <PropertyValue AnnotationPath="@UI.DataPoint" Property="Target"/>
                        </Record>
                    </Collection>
                </Annotation>
                <Annotation Term="UI.FieldGroup">
                    <Record Type="UI.FieldGroupType">
                        <PropertyValue Property="Data">
                            <Collection>
                                <Record Type="UI.DataField">
                                    <PropertyValue Path="Weight" Property="Value"/>
                                    <PropertyValue Property="Label" String="{@i18n&gt;PRODUCT_WEIGHT}"/>
                                </Record>
                                <Record Type="UI.DataField">
                                    <PropertyValue Path="DimensionHeight" Property="Value"/>
                                    <PropertyValue Property="Label" String="{@i18n&gt;PRODUCT_HEIGHT}"/>
                                </Record>
                                <Record Type="UI.DataField">
                                    <PropertyValue Path="DimensionDepth" Property="Value"/>
                                    <PropertyValue Property="Label" String="{@i18n&gt;PRODUCT_DEPTH}"/>
                                </Record>
                                <Record Type="UI.DataField">
                                    <PropertyValue Path="DimensionWidth" Property="Value"/>
                                    <PropertyValue Property="Label" String="{@i18n&gt;PRODUCT_WIDTH}"/>
                                </Record>
                            </Collection>
                        </PropertyValue>
                    </Record>
                </Annotation>
                <Annotation Term="UI.DataPoint">
                    <Record Type="UI.DataPointType">
                        <PropertyValue Property="Title" String="{@i18n&gt;PRODUCT_PRICE}"/>
                        <PropertyValue Path="Price" Property="Value"/>
                    </Record>
                </Annotation>
                <Annotation Term="UI.HeaderInfo">
                    <Record Type="UI.HeaderInfoType">
                        <PropertyValue Property="TypeName" String="{@i18n&gt;PRODUCT_TYPE}"/>
                        <PropertyValue Property="TypeNamePlural" String="{@i18n&gt;PRODUCT_TYPES}"/>
                        <PropertyValue Property="Title">
                            <Record Type="UI.DataField">
                                <PropertyValue Path="Name" Property="Value"/>
                            </Record>
                        </PropertyValue>
                        <PropertyValue Property="Description">
                            <Record Type="UI.DataField">
                                <PropertyValue Path="LongDescription" Property="Value"/>
                            </Record>
                        </PropertyValue>
                    </Record>
                </Annotation>
                <Annotation Term="UI.LineItem">
                    <Collection>
                        <Record Type="UI.DataField">
                            <PropertyValue Path="ProductId" Property="Value"/>
                            <PropertyValue Property="Label" String="{@i18n&gt;PRODUCT_PRODUCT_ID}"/>
                        </Record>
                        <Record Type="UI.DataField">
                            <PropertyValue Path="Name" Property="Value"/>
                            <PropertyValue Property="Label" String="{@i18n&gt;PRODUCT_NAME}"/>
                        </Record>
                        <Record Type="UI.DataField">
                            <PropertyValue Path="Category" Property="Value"/>
                            <PropertyValue Property="Label" String="{@i18n&gt;PRODUCT_CATEGORY}"/>
                        </Record>
                        <Record Type="UI.DataField">
                            <PropertyValue Path="ShortDescription" Property="Value"/>
                            <PropertyValue Property="Label" String="{@i18n&gt;PRODUCT_SHORT_DESCRIPTION}"/>
                        </Record>
                        <Record Type="UI.DataField">
                            <PropertyValue Path="Price" Property="Value"/>
                            <PropertyValue Property="Label" String="{@i18n&gt;PRODUCT_PRICE}"/>
                        </Record>
                        <Record Type="UI.DataField">
                            <PropertyValue Path="DimensionHeight" Property="Value"/>
                            <PropertyValue Property="Label" String="{@i18n&gt;PRODUCT_HEIGHT}"/>
                            <Annotation EnumMember="UI.ImportanceType/Low" Term="UI.Importance"/>
                        </Record>
                        <Record Type="UI.DataField">
                            <PropertyValue Path="DimensionDepth" Property="Value"/>
                            <PropertyValue Property="Label" String="{@i18n&gt;PRODUCT_DEPTH}"/>
                            <Annotation EnumMember="UI.ImportanceType/Low" Term="UI.Importance"/>
                        </Record>
                        <Record Type="UI.DataField">
                            <PropertyValue Path="DimensionWidth" Property="Value"/>
                            <PropertyValue Property="Label" String="{@i18n&gt;PRODUCT_WIDTH}"/>
                            <Annotation EnumMember="UI.ImportanceType/Low" Term="UI.Importance"/>
                        </Record>
                        <Record Type="UI.DataField">
                            <PropertyValue Path="DimensionUnit" Property="Value"/>
                            <PropertyValue Property="Label" String="{@i18n&gt;PRODUCT_UNIT}"/>
                            <Annotation EnumMember="UI.ImportanceType/Low" Term="UI.Importance"/>
                        </Record>
                        <Record Type="UI.DataField">
                            <PropertyValue Path="Weight" Property="Value"/>
                            <PropertyValue Property="Label" String="{@i18n&gt;PRODUCT_WEIGHT}"/>
                            <Annotation EnumMember="UI.ImportanceType/Low" Term="UI.Importance"/>
                        </Record>
                        <Record Type="UI.DataField">
                            <PropertyValue Path="WeightUnit" Property="Value"/>
                            <PropertyValue Property="Label" String="{@i18n&gt;PRODUCT_WEIGHT_UNIT}"/>
                            <Annotation EnumMember="UI.ImportanceType/Low" Term="UI.Importance"/>
                        </Record>
                        <Record Type="UI.DataField">
                            <PropertyValue Path="QuantityUnit" Property="Value"/>
                            <PropertyValue Property="Label" String="{@i18n&gt;PRODUCT_QUANTITY_UNIT}"/>
                            <Annotation EnumMember="UI.ImportanceType/Low" Term="UI.Importance"/>
                        </Record>
                        <Record Type="UI.DataField">
                            <PropertyValue Path="CategoryName" Property="Value"/>
                            <PropertyValue Property="Label" String="{@i18n&gt;PRODUCT_CATEGORY_NAME}"/>
                            <Annotation EnumMember="UI.ImportanceType/Low" Term="UI.Importance"/>
                        </Record>
                        <Record Type="UI.DataField">
                            <PropertyValue Path="CurrencyCode" Property="Value"/>
                            <PropertyValue Property="Label" String="{@i18n&gt;PRODUCT_CURENCY_CODE}"/>
                            <Annotation EnumMember="UI.ImportanceType/Low" Term="UI.Importance"/>
                        </Record>
                        <Record Type="UI.DataField">
                            <PropertyValue Path="LongDescription" Property="Value"/>
                            <PropertyValue Property="Label" String="{@i18n&gt;PRODUCT_LONG_DESCRIPTION}"/>
                            <Annotation EnumMember="UI.ImportanceType/Low" Term="UI.Importance"/>
                        </Record>
                        <Record Type="UI.DataField">
                            <PropertyValue Path="PictureUrl" Property="Value"/>
                            <PropertyValue Property="Label" String="{@i18n&gt;PRODUCT_PICTURE_URL}"/>
                            <Annotation EnumMember="UI.ImportanceType/Low" Term="UI.Importance"/>
                        </Record>
                        <Record Type="UI.DataField">
                            <PropertyValue Path="SupplierId" Property="Value"/>
                            <PropertyValue Property="Label" String="{@i18n&gt;PRODUCT_SUPPLIER_ID}"/>
                            <Annotation EnumMember="UI.ImportanceType/Low" Term="UI.Importance"/>
                        </Record>
                        <Record Type="UI.DataField">
                            <PropertyValue Path="UpdatedTimestamp" Property="Value"/>
                            <PropertyValue Property="Label" String="{@i18n&gt;PRODUCT_UPDATE_TIMESTAMP}"/>
                            <Annotation EnumMember="UI.ImportanceType/Low" Term="UI.Importance"/>
                        </Record>
                    </Collection>
                </Annotation>
            </Annotations>
        </Schema>
    </edmx:DataServices>
    <edmx:Reference Uri="http://docs.oasis-open.org/odata/odata-data-aggregation-ext/v4.0/cs02/vocabularies/Org.OData.Aggregation.V1.xml" xmlns:edmx="http://docs.oasis-open.org/odata/ns/edmx">
        <edmx:Include Alias="Aggregation" Namespace="Org.OData.Aggregation.V1"/>
    </edmx:Reference>
    <edmx:Reference Uri="http://docs.oasis-open.org/odata/odata/v4.0/errata03/os/complete/vocabularies/Org.OData.Capabilities.V1.xml" xmlns:edmx="http://docs.oasis-open.org/odata/ns/edmx">
        <edmx:Include Alias="Capabilities" Namespace="Org.OData.Capabilities.V1"/>
    </edmx:Reference>
    <edmx:Reference Uri="https://wiki.scn.sap.com/wiki/download/attachments/448470974/Common.xml?api=v2" xmlns:edmx="http://docs.oasis-open.org/odata/ns/edmx">
        <edmx:Include Alias="Common" Namespace="com.sap.vocabularies.Common.v1"/>
    </edmx:Reference>
    <edmx:Reference Uri="https://wiki.scn.sap.com/wiki/download/attachments/448470971/Communication.xml?api=v2" xmlns:edmx="http://docs.oasis-open.org/odata/ns/edmx">
        <edmx:Include Alias="vCard" Namespace="com.sap.vocabularies.Communication.v1"/>
    </edmx:Reference>
    <edmx:Reference Uri="http://docs.oasis-open.org/odata/odata/v4.0/errata03/os/complete/vocabularies/Org.OData.Core.V1.xml" xmlns:edmx="http://docs.oasis-open.org/odata/ns/edmx">
        <edmx:Include Alias="Core" Namespace="Org.OData.Core.V1"/>
    </edmx:Reference>
    <edmx:Reference Uri="http://docs.oasis-open.org/odata/odata/v4.0/errata03/os/complete/vocabularies/Org.OData.Measures.V1.xml" xmlns:edmx="http://docs.oasis-open.org/odata/ns/edmx">
        <edmx:Include Alias="CQP" Namespace="Org.OData.Measures.V1"/>
    </edmx:Reference>
    <edmx:Reference Uri="https://wiki.scn.sap.com/wiki/download/attachments/448470968/UI.xml?api=v2" xmlns:edmx="http://docs.oasis-open.org/odata/ns/edmx">
        <edmx:Include Alias="UI" Namespace="com.sap.vocabularies.UI.v1"/>
    </edmx:Reference>
</edmx:Edmx>